batch_idx	test_loss	test_token_accuracy	sampling_time	fraction_invalid	fraction_unique	top1_tanimoto_similarity	accuracy_top_1	accuracy_top_3	accuracy_top_5	accuracy_top_10
0	0.15131962299346924	0.95812136	16.978500604629517	0.06521739130434778	0.6869565217391305	0.6969809417240685	0.08695652173913043	0.2608695652173913	0.30434782608695654	0.45652173913043476
1	0.22447244822978973	0.9449575	14.517523288726807	0.03913043478260869	0.6652173913043479	0.687394049307976	0.021739130434782608	0.15217391304347827	0.15217391304347827	0.1956521739130435
2	0.4864614009857178	0.8234938	276.201167345047	0.2522727272727273	0.5318181818181819	0.7299034397320443	0.045454545454545456	0.11363636363636363	0.20454545454545456	0.2727272727272727
