batch_idx	test_loss	test_token_accuracy	sampling_time	fraction_invalid	fraction_unique	top1_tanimoto_similarity	accuracy_top_1	accuracy_top_3	accuracy_top_5	accuracy_top_10
0	0.2952871322631836	0.9224338	10.174017906188965	0.06216216216216219	0.7	0.6859203698111721	0.1891891891891892	0.32432432432432434	0.32432432432432434	0.35135135135135137
